{
"framerate":24,
"images":["assets.png"],
"frames":[
    [917, 2, 301, 301, 0, 0, 0],
    [2, 2, 301, 301, 0, 0, 0],
    [307, 2, 301, 301, 0, 0, 0],
    [139, 307, 73, 24, 0, -78, -7],
    [62, 307, 73, 24, 0, -78, -7],
    [1891, 2, 58, 30, 0, -92, -7],
    [1829, 2, 58, 30, 0, -92, -7],
    [1520, 2, 153, 39, 0, 0, 0],
    [612, 2, 301, 301, 0, 0, 0],
    [1753, 2, 72, 30, 0, -78, -7],
    [1677, 2, 72, 30, 0, -78, -7],
    [2, 307, 56, 25, 0, -94, -7],
    [1953, 2, 56, 25, 0, -94, -7],
    [1449, 2, 67, 67, 0, 1, 1],
    [1378, 2, 67, 67, 0, 1, 1],
    [1303, 2, 71, 71, 0, 1, 1],
    [1222, 2, 77, 77, 0, 1, 1],
    [2013, 2, 0, 0, 0, 21, 13]
],
"animations":{
    "ghostDead": {
        "speed": 1,
        "frames": [
            15,
            15,
            15,
            15,
            15,
            15,
            15,
            16,
            16,
            16,
            16,
            16,
            16,
            16,
            16,
            16,
            16,
            16,
            16,
            16,
            16,
            16,
            17,
            17,
            17,
            17,
            17,
            17
        ]
    },
    "ghostAlive": {
        "speed": 1,
        "frames": [13, 13, 13, 13, 14, 14, 14, 14, 13, 13, 13, 13]
    },
    "playUp": {"speed": 1, "frames": [5]},
    "enterUp": {"speed": 1, "frames": [3]},
    "enterOver": {"speed": 1, "frames": [4]},
    "playOver": {"speed": 1, "frames": [6]},
    "retryUp": {"speed": 1, "frames": [9]},
    "introScreen": {"speed": 1, "frames": [0]},
    "contentScreen": {"speed": 1, "frames": [1]},
    "gameOverScreen": {"speed": 1, "frames": [8]},
    "gameScreen": {"speed": 1, "frames": [2]},
    "retryOver": {"speed": 1, "frames": [10]},
    "quitUp": {"speed": 1, "frames": [11]},
    "hitArea": {"speed": 1, "frames": [7]},
    "quitOver": {"speed": 1, "frames": [12]}
}
}